Index,Urls
15,https://olympics.com/en/athletes/michelle-gisin
24,https://olympics.com/en/athletes/galina-kulakova
25,https://olympics.com/en/athletes/laszlo-papp
51,https://olympics.com/en/athletes/yana-klochkova
53,https://olympics.com/en/athletes/dorothy-hamill
71,https://olympics.com/en/athletes/thorsten-margis
94,https://olympics.com/en/athletes/anastasiya-savchuk
102,https://olympics.com/en/athletes/cornelis-broekman
157,https://olympics.com/en/athletes/parrot
164,https://olympics.com/en/athletes/ren
166,https://olympics.com/en/athletes/javier-gomez-noya
167,https://olympics.com/en/athletes/eva-risztov
201,https://olympics.com/en/athletes/janet-evans
202,https://olympics.com/en/athletes/akira-sone
230,https://olympics.com/en/athletes/birgit-fischer
242,https://olympics.com/en/athletes/hong-zhang-2
253,https://olympics.com/en/athletes/sage-kotsenburg
276,https://olympics.com/en/athletes/sandra-kiriasis
279,https://olympics.com/en/athletes/bianca-buitendag
303,https://olympics.com/en/athletes/laura-deas
304,https://olympics.com/en/athletes/tomas-walsh
308,https://olympics.com/en/athletes/romeo-neri
316,https://olympics.com/en/athletes/simone-biles
358,https://olympics.com/en/athletes/gu-ailing-eileen
365,https://olympics.com/en/athletes/kristin-skaslien
387,https://olympics.com/en/athletes/seth-wescott
388,https://olympics.com/en/athletes/robert-finke
392,https://olympics.com/en/athletes/cassie-sharpe
398,https://olympics.com/en/athletes/kurt-angle
402,https://olympics.com/en/athletes/lamont-marcell-jacobs
418,https://olympics.com/en/athletes/vetle-sjaastad-christiansen
419,https://olympics.com/en/athletes/sky-brown
423,https://olympics.com/en/athletes/stina-nilsson
448,https://olympics.com/en/athletes/david-wise
451,https://olympics.com/en/athletes/manus-boonjumnong
452,https://olympics.com/en/athletes/abdulrashid-sadulaev
476,https://olympics.com/en/athletes/alex-shibutani
481,https://olympics.com/en/athletes/chloe-esposito
493,https://olympics.com/en/athletes/julius-yego
514,https://olympics.com/en/athletes/isabell-werth
536,https://olympics.com/en/athletes/musa-evloev
552,https://olympics.com/en/athletes/sushil-kumar
554,https://olympics.com/en/athletes/nicolo-martinenghi
560,https://olympics.com/en/athletes/mark-mcmorris
575,https://olympics.com/en/athletes/gertrude-ederle
581,https://olympics.com/en/athletes/sascha-benecken
583,https://olympics.com/en/athletes/gabriela-bayardo
597,https://olympics.com/en/athletes/sunisa-lee
601,https://olympics.com/en/athletes/tadej-pogacar
616,https://olympics.com/en/athletes/ingemar-stenmark
617,https://olympics.com/en/athletes/meryl-davis
622,https://olympics.com/en/athletes/isabel-atkin
623,https://olympics.com/en/athletes/mariama-jamanka
636,https://olympics.com/en/athletes/foss-solevaag
644,https://olympics.com/en/athletes/aron-szilagyi
657,https://olympics.com/en/athletes/roger-federer
678,https://olympics.com/en/athletes/evgeny-rylov
689,https://olympics.com/en/athletes/james-tomkins
700,https://olympics.com/en/athletes/michaela-dorfmeister
706,https://olympics.com/en/athletes/melvin-sheppard
719,https://olympics.com/en/athletes/usain-bolt
728,https://olympics.com/en/athletes/christopher-nilsen
732,https://olympics.com/en/athletes/christine-nesbitt
734,https://olympics.com/en/athletes/alfred-oerter
744,https://olympics.com/en/athletes/a-linger-andreas-linger
749,https://olympics.com/en/athletes/lucilla-boari
750,https://olympics.com/en/athletes/bryony-page
770,https://olympics.com/en/athletes/yukio-kasaya
778,https://olympics.com/en/athletes/pirmin-zurbriggen
799,https://olympics.com/en/athletes/angelina-golikova
828,https://olympics.com/en/athletes/chris-mears-1
833,https://olympics.com/en/athletes/viktoria-rebensburg
834,https://olympics.com/en/athletes/hermann-maier
838,https://olympics.com/en/athletes/chanu-saikhom-mirabai
851,https://olympics.com/en/athletes/laura-nolte
864,https://olympics.com/en/athletes/gregorio-paltrinieri
874,https://olympics.com/en/athletes/boris-shakhlin
888,https://olympics.com/en/athletes/omar-visintin
893,https://olympics.com/en/athletes/janica-kostelic
924,https://olympics.com/en/athletes/kornelia-ender
928,https://olympics.com/en/athletes/arnd-peiffer
944,https://olympics.com/en/athletes/leander-paes
961,https://olympics.com/en/athletes/ayaka-takahashi
966,https://olympics.com/en/athletes/aaron-peirsol
974,https://olympics.com/en/athletes/kostas-kenteris
990,https://olympics.com/en/athletes/gretchen-bleiler
998,https://olympics.com/en/athletes/andreas-wellinger
1002,https://olympics.com/en/athletes/jutta-leerdam
1003,https://olympics.com/en/athletes/claressa-maria-shields
1004,https://olympics.com/en/athletes/aliya-mustafina
1008,https://olympics.com/en/athletes/barbora-spotakova
1022,https://olympics.com/en/athletes/chris-hoy
1026,https://olympics.com/en/athletes/akito-watabe
1044,https://olympics.com/en/athletes/mathias-boe
1045,https://olympics.com/en/athletes/hifumi-abe
1052,https://olympics.com/en/athletes/xiaoxia-li
1055,https://olympics.com/en/athletes/jingjing-guo
1056,https://olympics.com/en/athletes/tenley-albright
1063,https://olympics.com/en/athletes/toni-eggert
1098,https://olympics.com/en/athletes/charlotte-dujardin
1106,https://olympics.com/en/athletes/vasyl-lomachenko
1109,https://olympics.com/en/athletes/perrine-laffont
1113,https://olympics.com/en/athletes/hallgeir-engebraaten
1145,https://olympics.com/en/athletes/pierre-le-coq
1150,https://olympics.com/en/athletes/daiya-seto
1187,https://olympics.com/en/athletes/anton-sailer
1232,https://olympics.com/en/athletes/daniela-ulbing
1233,https://olympics.com/en/athletes/vitaly-scherbo
1242,https://olympics.com/en/athletes/kaitlyn-lawes
1274,https://olympics.com/en/athletes/christinna-pedersen
1325,https://olympics.com/en/athletes/niek-kimmann
1328,https://olympics.com/en/athletes/karin-janz
1329,https://olympics.com/en/athletes/ronald-mulder
1333,https://olympics.com/en/athletes/michel-mulder
1343,https://olympics.com/en/athletes/vic-wild
1348,https://olympics.com/en/athletes/nicholas-goepper
1360,https://olympics.com/en/athletes/michela-moioli
1361,https://olympics.com/en/athletes/monica-puig
1365,https://olympics.com/en/athletes/fanny-blankers-koen
1369,https://olympics.com/en/athletes/edgar-grospiron
1378,https://olympics.com/en/athletes/natallia-dobrynska
1386,https://olympics.com/en/athletes/herma-planck-szabo
1388,https://olympics.com/en/athletes/madison-kocian
1396,https://olympics.com/en/athletes/elisabeta-lipa
1416,https://olympics.com/en/athletes/grant-holloway
1429,https://olympics.com/en/athletes/paavo-nurmi
1430,https://olympics.com/en/athletes/julien-absalon
1438,https://olympics.com/en/athletes/svetlana-kolesnichenko
1453,https://olympics.com/en/athletes/regan-smith
1454,https://olympics.com/en/athletes/marie-jose-perec
1460,https://olympics.com/en/athletes/elaine-thompson
1467,https://olympics.com/en/athletes/alexander-hall-1
1494,https://olympics.com/en/athletes/laurie-blouin
1504,https://olympics.com/en/athletes/hennig
1515,https://olympics.com/en/athletes/dajana-eitberger
1520,https://olympics.com/en/athletes/olga-korbut
1530,https://olympics.com/en/athletes/ivanie-blondin
1534,https://olympics.com/en/athletes/helen-glover
1562,https://olympics.com/en/athletes/frankie-fredericks
1573,https://olympics.com/en/athletes/primoz-roglic
1625,https://olympics.com/en/athletes/carina-vogt
1627,https://olympics.com/en/athletes/fabian-hambuechen
1633,https://olympics.com/en/athletes/mai-murakami
1635,https://olympics.com/en/athletes/amy-van-dyken
1638,https://olympics.com/en/athletes/alex-gough
1648,https://olympics.com/en/athletes/meng-wang
1650,https://olympics.com/en/athletes/quincy-watts
1667,https://olympics.com/en/athletes/maksim-khramtcov
1670,https://olympics.com/en/athletes/lina-cheryazova
1696,https://olympics.com/en/athletes/elizabeth-robinson
1726,https://olympics.com/en/athletes/ashton-eaton
1731,https://olympics.com/en/athletes/kristof-milak
1734,https://olympics.com/en/athletes/hagos-gebrhiwet
1763,https://olympics.com/en/athletes/kahena-kunze
1803,https://olympics.com/en/athletes/saori-yoshida
1808,https://olympics.com/en/athletes/manuela-di-centa
1809,https://olympics.com/en/athletes/ramon-zenhaeusern
1810,https://olympics.com/en/athletes/misty-may-treanor
1825,https://olympics.com/en/athletes/zoi-sadowski-synnott
1826,https://olympics.com/en/athletes/daehoon-lee
1839,https://olympics.com/en/athletes/fabrice-zango-hugues
1841,https://olympics.com/en/athletes/jonathan-hilbert
1850,https://olympics.com/en/athletes/sawao-kato
1867,https://olympics.com/en/athletes/sonja-henie
1881,https://olympics.com/en/athletes/tatjana-huefner
1890,https://olympics.com/en/athletes/anais-chevalier
1895,https://olympics.com/en/athletes/dong-dong
1897,https://olympics.com/en/athletes/peetu-piiroinen
1907,https://olympics.com/en/athletes/klavdiya-boyarskikh
1916,https://olympics.com/en/athletes/darya-domracheva
1919,https://olympics.com/en/athletes/shaoang-liu
1930,https://olympics.com/en/athletes/nathaniel-coleman
1931,https://olympics.com/en/athletes/fabian-cancellara
1939,https://olympics.com/en/athletes/nils-van-der-poel
1942,https://olympics.com/en/athletes/spyridon-gianniotis
1952,https://olympics.com/en/athletes/tina-dietze
1973,https://olympics.com/en/athletes/jill-bakken
1974,https://olympics.com/en/athletes/koukalova
1975,https://olympics.com/en/athletes/antje-harvey
1991,https://olympics.com/en/athletes/klaebo
1994,https://olympics.com/en/athletes/shane-gould
2000,https://olympics.com/en/athletes/lilly-king
2004,https://olympics.com/en/athletes/ursa-bogataj
2005,https://olympics.com/en/athletes/ben-ainslie
2007,https://olympics.com/en/athletes/stefania-constantini
2013,https://olympics.com/en/athletes/johannes-thingnes-boe
2023,https://olympics.com/en/athletes/denia-caballero
2026,https://olympics.com/en/athletes/linoy-ashram
2042,https://olympics.com/en/athletes/shaun-white
2054,https://olympics.com/en/athletes/dave-wottle
2058,https://olympics.com/en/athletes/johan-clarey
2095,https://olympics.com/en/athletes/carl-lewis
2106,https://olympics.com/en/athletes/michal-krcmar
2112,https://olympics.com/en/athletes/inge-de-bruijn
2114,https://olympics.com/en/athletes/magnus-nedregotten
2124,https://olympics.com/en/athletes/cathy-freeman
2129,https://olympics.com/en/athletes/joseph-frazier
2139,https://olympics.com/en/athletes/ted-ligety
2146,https://olympics.com/en/athletes/belinda-bencic
2147,https://olympics.com/en/athletes/zhendong-fan
2148,https://olympics.com/en/athletes/massimo-stano
2159,https://olympics.com/en/athletes/lukas-dauser
2161,https://olympics.com/en/athletes/knut-holmann
2172,https://olympics.com/en/athletes/bolshunov
2179,https://olympics.com/en/athletes/kerri-walsh
2183,https://olympics.com/en/athletes/viktor-ivanovich-chukarin
2186,https://olympics.com/en/athletes/andre-myhrer
2192,https://olympics.com/en/athletes/yogeshwar-dutt
2199,https://olympics.com/en/athletes/janja-garnbret
2207,https://olympics.com/en/athletes/kira-walkenhorst
2224,https://olympics.com/en/athletes/vitalina-batsarashkina
2225,https://olympics.com/en/athletes/aksel-lund-svindal
2226,https://olympics.com/en/athletes/brian-orser
2230,https://olympics.com/en/athletes/kinue-hitomi
2236,https://olympics.com/en/athletes/adelina-sotnikova
2239,https://olympics.com/en/athletes/nancy-kerrigan
2255,https://olympics.com/en/athletes/daniela-maier
2258,https://olympics.com/en/athletes/wilfred-bungei
2262,https://olympics.com/en/athletes/risako-kawai
2273,https://olympics.com/en/athletes/rulon-gardner
2274,https://olympics.com/en/athletes/alexandre-bilodeau
2279,https://olympics.com/en/athletes/yang-yang-a
2284,https://olympics.com/en/athletes/akinori-nakayama
2290,https://olympics.com/en/athletes/mark-spitz
2294,https://olympics.com/en/athletes/hidilyn-diaz
2297,https://olympics.com/en/athletes/artem-dolgopyat
2311,https://olympics.com/en/athletes/oddbjorn-hagen
2320,https://olympics.com/en/athletes/long-chen
2324,https://olympics.com/en/athletes/nadia-delago
2352,https://olympics.com/en/athletes/kazuyoshi-funaki
2355,https://olympics.com/en/athletes/ondrej-synek
2358,https://olympics.com/en/athletes/sandra-perkovic
2363,https://olympics.com/en/athletes/cindy-klassen
2364,https://olympics.com/en/athletes/martina-sablikova
2372,https://olympics.com/en/athletes/kjetil-borch
2381,https://olympics.com/en/athletes/joe-kovacs
2386,https://olympics.com/en/athletes/laurent-dubreuil
2396,https://olympics.com/en/athletes/dawn-fraser
2399,https://olympics.com/en/athletes/jackie-narracott
2405,https://olympics.com/en/athletes/matthias-mayer
2422,https://olympics.com/en/athletes/blanca-fernandez-ochoa
2428,https://olympics.com/en/athletes/anastasia-davydova
2438,https://olympics.com/en/athletes/pernilla-wiberg
2453,https://olympics.com/en/athletes/ikuma-horishima
2459,https://olympics.com/en/athletes/antoinette-de-jong
2468,https://olympics.com/en/athletes/miho-takagi
2475,https://olympics.com/en/athletes/noelle-pikus-pace
2476,https://olympics.com/en/athletes/alexander-massialas
2494,https://olympics.com/en/athletes/teresa-portela
2511,https://olympics.com/en/athletes/erika-salumae
2548,https://olympics.com/en/athletes/izaac-stubblety-cook
2566,https://olympics.com/en/athletes/jamie-greubel-poser
2577,https://olympics.com/en/athletes/laura-muir
2580,https://olympics.com/en/athletes/michelle-marie-smith
2591,https://olympics.com/en/athletes/jade-carey
2595,https://olympics.com/en/athletes/caterine-ibarguen
2597,https://olympics.com/en/athletes/natalia-voronina
2603,https://olympics.com/en/athletes/kosuke-hagino
2612,https://olympics.com/en/athletes/shannon-miller
2615,https://olympics.com/en/athletes/nasser-al-attiyah
2617,https://olympics.com/en/athletes/luvo-manyonga
2627,https://olympics.com/en/athletes/jacqueline-loelling
2633,https://olympics.com/en/athletes/brady-leman
2644,https://olympics.com/en/athletes/takanori-nagase
2665,https://olympics.com/en/athletes/kazuma-kaya
2680,https://olympics.com/en/athletes/wyomia-tyus
2683,https://olympics.com/en/athletes/xiang-liu-1
2700,https://olympics.com/en/athletes/david-moller
2725,https://olympics.com/en/athletes/dorothea-wierer
2726,https://olympics.com/en/athletes/idalys-ortiz
2727,https://olympics.com/en/athletes/roisland
2740,https://olympics.com/en/athletes/chiharu-igaya
2741,https://olympics.com/en/athletes/ning-li
2749,https://olympics.com/en/athletes/sverre-lunde-pedersen
2751,https://olympics.com/en/athletes/kevin-curtis-young
2763,https://olympics.com/en/athletes/kikkan-randall
2765,https://olympics.com/en/athletes/caeleb-dressel
2776,https://olympics.com/en/athletes/kokona-hiraki
2778,https://olympics.com/en/athletes/geiger
2779,https://olympics.com/en/athletes/alberto-fernandez-1
2807,https://olympics.com/en/athletes/meng-chen-x5731
2817,https://olympics.com/en/athletes/charles-hamelin
2821,https://olympics.com/en/athletes/alina-kabaeva
2852,https://olympics.com/en/athletes/christopher-grotheer
2860,https://olympics.com/en/athletes/eliot-grondin
2863,https://olympics.com/en/athletes/steven-gardiner
2894,https://olympics.com/en/athletes/donald-arthur-schollander
2897,https://olympics.com/en/athletes/eric-heiden
2905,https://olympics.com/en/athletes/bradley-wiggins
2907,https://olympics.com/en/athletes/emma-twigg
2926,https://olympics.com/en/athletes/danuta-kozak
2939,https://olympics.com/en/athletes/minxia-wu
2944,https://olympics.com/en/athletes/kyung-seon-hwang
2968,https://olympics.com/en/athletes/kristi-yamaguchi
2980,https://olympics.com/en/athletes/steven-langton
2988,https://olympics.com/en/athletes/joseph-clarke
3012,https://olympics.com/en/athletes/chase-kalisz
3044,https://olympics.com/en/athletes/maren-lundby
3054,https://olympics.com/en/athletes/midori-ito
3066,https://olympics.com/en/athletes/toshikazu-yamanishi
3089,https://olympics.com/en/athletes/nafissatou-thiam
3113,https://olympics.com/en/athletes/sideris-tasiadis
3141,https://olympics.com/en/athletes/marte-olsbu-roeiseland
3148,https://olympics.com/en/athletes/dylan-schmidt
3155,https://olympics.com/en/athletes/daniele-garozzo
3157,https://olympics.com/en/athletes/steve-guerdat
3165,https://olympics.com/en/athletes/mary-peters
3167,https://olympics.com/en/athletes/dina-averina
3168,https://olympics.com/en/athletes/alex-deibold
3179,https://olympics.com/en/athletes/funa-nakayama
3183,https://olympics.com/en/athletes/justine-dufour-lapointe
3185,https://olympics.com/en/athletes/josh-kerr
3197,https://olympics.com/en/athletes/bjorn-daehlie
3220,https://olympics.com/en/athletes/federica-pellegrini
3231,https://olympics.com/en/athletes/lydia-lassila
3277,https://olympics.com/en/athletes/nino-salukvadze
3278,https://olympics.com/en/athletes/radik-isaev
3287,https://olympics.com/en/athletes/david-gleirscher
3288,https://olympics.com/en/athletes/bruno-julie
3299,https://olympics.com/en/athletes/sebastien-toutant
3309,https://olympics.com/en/athletes/anna-gasser
3311,https://olympics.com/en/athletes/michael-johnson
3322,https://olympics.com/en/athletes/kjeld-nuis
3324,https://olympics.com/en/athletes/brittany-phelan
3344,https://olympics.com/en/athletes/evgeny-chigishev
3348,https://olympics.com/en/athletes/katinka-hosszu
3350,https://olympics.com/en/athletes/gillis-grafstrom
3351,https://olympics.com/en/athletes/juris-sics
3368,https://olympics.com/en/athletes/epke-zonderland
3372,https://olympics.com/en/athletes/doll
3375,https://olympics.com/en/athletes/marja-liisa-kirvesniemi
3397,https://olympics.com/en/athletes/denny-morrison
3398,https://olympics.com/en/athletes/istvan-pelle
3406,https://olympics.com/en/athletes/olga-fatkulina
3412,https://olympics.com/en/athletes/teddy-riner
3428,https://olympics.com/en/athletes/michael-greis
3439,https://olympics.com/en/athletes/tirunesh-dibaba
3454,https://olympics.com/en/athletes/damian-warner
3458,https://olympics.com/en/athletes/redmond-gerard
3464,https://olympics.com/en/athletes/haile-gebrselassie
3487,https://olympics.com/en/athletes/lydia-wideman
3493,https://olympics.com/en/athletes/mildred-didrikson
3496,https://olympics.com/en/athletes/oksana-chusovitina
3497,https://olympics.com/en/athletes/franz-klammer
3510,https://olympics.com/en/athletes/abebe-bikila
3522,https://olympics.com/en/athletes/ok-hee-yun
3526,https://olympics.com/en/athletes/kristin-otto
3535,https://olympics.com/en/athletes/linford-christie
3554,https://olympics.com/en/athletes/sakshi-malik
3557,https://olympics.com/en/athletes/carolina-marin
3569,https://olympics.com/en/athletes/pandelela-rinong-pamg
3571,https://olympics.com/en/athletes/derek-parra
3597,https://olympics.com/en/athletes/bashir-abdi
3627,https://olympics.com/en/athletes/kaillie-humphries
3628,https://olympics.com/en/athletes/yuna-kim
3642,https://olympics.com/en/athletes/thomas-rohler
3645,https://olympics.com/en/athletes/markus-wasmeier
3655,https://olympics.com/en/athletes/taufik-hidayat
3662,https://olympics.com/en/athletes/johansson-1
3667,https://olympics.com/en/athletes/caster-semenya
3683,https://olympics.com/en/athletes/alexander-kopacz
3692,https://olympics.com/en/athletes/anders-berntsen-mol
3711,https://olympics.com/en/athletes/tarjei-boe
3737,https://olympics.com/en/athletes/emma-coburn
3738,https://olympics.com/en/athletes/kirani-james
3739,https://olympics.com/en/athletes/mark-cavendish
3747,https://olympics.com/en/athletes/leontien-zijlaard-van-moorsel
3780,https://olympics.com/en/athletes/sergey-ridzik-1
3782,https://olympics.com/en/athletes/marjorie-jackson
3792,https://olympics.com/en/athletes/qian-ren
3801,https://olympics.com/en/athletes/aleksandr-galliamov
3805,https://olympics.com/en/athletes/kelvin-hoefler
3811,https://olympics.com/en/athletes/svetlana-khorkina
3820,https://olympics.com/en/athletes/oleg-verniaiev
3827,https://olympics.com/en/athletes/andrey-larkov
3833,https://olympics.com/en/athletes/denise-herrmann
3842,https://olympics.com/en/athletes/jean-christophe-rolland
3845,https://olympics.com/en/athletes/maksim-nedasekau
3846,https://olympics.com/en/athletes/tomoru-honda
3863,https://olympics.com/en/athletes/florian-bauer
3866,https://olympics.com/en/athletes/billy-mills
3896,https://olympics.com/en/athletes/lydia-ko
3902,https://olympics.com/en/athletes/anja-paerson
3908,https://olympics.com/en/athletes/morozov
3925,https://olympics.com/en/athletes/lizzy-yarnold
3946,https://olympics.com/en/athletes/maiken-caspersen-falla
3948,https://olympics.com/en/athletes/wenlong-li
3949,https://olympics.com/en/athletes/bode-miller
3957,https://olympics.com/en/athletes/yiming-su
3961,https://olympics.com/en/athletes/vladimir-artemov
3970,https://olympics.com/en/athletes/frida-hansdotter
3976,https://olympics.com/en/athletes/magnus-hovdal-moan
3987,https://olympics.com/en/athletes/lauren-hernandez
4004,https://olympics.com/en/athletes/bernhard-germeshausen
4006,https://olympics.com/en/athletes/sungbin-yun
4045,https://olympics.com/en/athletes/mark-kondratiuk
4046,https://olympics.com/en/athletes/kriznar
4052,https://olympics.com/en/athletes/ryan-regez
4059,https://olympics.com/en/athletes/katie-ledecky
4070,https://olympics.com/en/athletes/maria-valentina-vezzali
4073,https://olympics.com/en/athletes/kyle-frederick-snyder
4076,https://olympics.com/en/athletes/elena-nikitina
4094,https://olympics.com/en/athletes/jan-zelezny
4108,https://olympics.com/en/athletes/tzu-ying-tai
4119,https://olympics.com/en/athletes/nicola-tumolero
4127,https://olympics.com/en/athletes/mahe-drysdale
4153,https://olympics.com/en/athletes/edward-clancy
4156,https://olympics.com/en/athletes/santiago-lange
4164,https://olympics.com/en/athletes/derek-drouin
4173,https://olympics.com/en/athletes/joshua-kiprui-cheptegei
4178,https://olympics.com/en/athletes/mathieu-faivre
4193,https://olympics.com/en/athletes/marie-dorin-habert
4194,https://olympics.com/en/athletes/john-morris
4195,https://olympics.com/en/athletes/meryeta-odine
4198,https://olympics.com/en/athletes/matt-graham
4208,https://olympics.com/en/athletes/stephane-lambiel
4236,https://olympics.com/en/athletes/tori-bowie
4243,https://olympics.com/en/athletes/kathleen-nord
4250,https://olympics.com/en/athletes/alistair-brownlee
4255,https://olympics.com/en/athletes/ian-thorpe
4270,https://olympics.com/en/athletes/ana-maria-popescu
4279,https://olympics.com/en/athletes/nawal-el-moutawakel
4290,https://olympics.com/en/athletes/petra-majdic
4302,https://olympics.com/en/athletes/ganna-rizatdinova
4310,https://olympics.com/en/athletes/george-nash
4312,https://olympics.com/en/athletes/nicola-spirig
4326,https://olympics.com/en/athletes/tobias-wendl
4367,https://olympics.com/en/athletes/emma-mckeon
4374,https://olympics.com/en/athletes/jose-luis-abajo
4376,https://olympics.com/en/athletes/stephan-eberharter
4379,https://olympics.com/en/athletes/edward-eagan
4380,https://olympics.com/en/athletes/ryan-crouser
4382,https://olympics.com/en/athletes/kendra-harrison
4394,https://olympics.com/en/athletes/masahiko-harada
4415,https://olympics.com/en/athletes/kanoa-igarashi
4430,https://olympics.com/en/athletes/thomas-krol
4456,https://olympics.com/en/athletes/chih-kai-lee
4477,https://olympics.com/en/athletes/tobias-arlt
4484,https://olympics.com/en/athletes/megan-nick
4487,https://olympics.com/en/athletes/clas-thunberg
4530,https://olympics.com/en/athletes/gabrielle-thomas
4536,https://olympics.com/en/athletes/strolz
4538,https://olympics.com/en/athletes/patrick-chan
4559,https://olympics.com/en/athletes/pedro-barros
4561,https://olympics.com/en/athletes/ecaterina-szabo
4572,https://olympics.com/en/athletes/fabian-riessle
4580,https://olympics.com/en/athletes/shiwen-liu
4582,https://olympics.com/en/athletes/xiaojun-lyu
4583,https://olympics.com/en/athletes/mete-gazoz
4595,https://olympics.com/en/athletes/hermann-weingartner
4619,https://olympics.com/en/athletes/naohisa-takato
4629,https://olympics.com/en/athletes/rebeca-andrade
4646,https://olympics.com/en/athletes/iouri-podladtchikov
4653,https://olympics.com/en/athletes/irving-jaffee
4669,https://olympics.com/en/athletes/svetlana-romashina
4672,https://olympics.com/en/athletes/cong-han
4681,https://olympics.com/en/athletes/hanne-desmet
4690,https://olympics.com/en/athletes/genzebe-dibaba
4716,https://olympics.com/en/athletes/andre-agassi
4730,https://olympics.com/en/athletes/daiki-hashimoto
4732,https://olympics.com/en/athletes/vera-caslavska
4736,https://olympics.com/en/athletes/matthias-steiner
4744,https://olympics.com/en/athletes/aisen-chen
4754,https://olympics.com/en/athletes/nico-porteous
4771,https://olympics.com/en/athletes/allyson-felix
4777,https://olympics.com/en/athletes/uta-abe-x2481
4787,https://olympics.com/en/athletes/nicole-hosp
4791,https://olympics.com/en/athletes/dominique-gisin
4792,https://olympics.com/en/athletes/joergen-graabak
4798,https://olympics.com/en/athletes/laura-dahlmeier
4824,https://olympics.com/en/athletes/aleksander-aamodt-kilde
4840,https://olympics.com/en/athletes/emil-joensson
4845,https://olympics.com/en/athletes/brittany-bowe
4850,https://olympics.com/en/athletes/maja-wloszczowska
4852,https://olympics.com/en/athletes/lindsey-vonn
4854,https://olympics.com/en/athletes/ragnhild-mowinckel
4856,https://olympics.com/en/athletes/lasse-viren
4864,https://olympics.com/en/athletes/mariya-lasitskene
4865,https://olympics.com/en/athletes/teofilo-stevenson
4874,https://olympics.com/en/athletes/oksana-baiul
4884,https://olympics.com/en/athletes/anna-veith
4918,https://olympics.com/en/athletes/xeno-mueller
4931,https://olympics.com/en/athletes/gretchen-fraser
4939,https://olympics.com/en/athletes/andrea-mead-lawrence
4945,https://olympics.com/en/athletes/natalia-ishchenko
4950,https://olympics.com/en/athletes/hans-christer-holund
4951,https://olympics.com/en/athletes/zan-kranjec
4952,https://olympics.com/en/athletes/philipp-schoch
4988,https://olympics.com/en/athletes/wataru-morishige
5045,https://olympics.com/en/athletes/johannes-ludwig
5046,https://olympics.com/en/athletes/rachel-karker
5047,https://olympics.com/en/athletes/flora-duffy
5051,https://olympics.com/en/athletes/martin-ponsiluoma
5053,https://olympics.com/en/athletes/pedro-p-pichardo
5065,https://olympics.com/en/athletes/oeberg
5082,https://olympics.com/en/athletes/chen
5083,https://olympics.com/en/athletes/panipak-wongpattanakit
5093,https://olympics.com/en/athletes/soufiane-elbakkali
5103,https://olympics.com/en/athletes/anthony-ervin
5107,https://olympics.com/en/athletes/benjamin-kigen
5116,https://olympics.com/en/athletes/georg-hackl
5126,https://olympics.com/en/athletes/serena-williams
5128,https://olympics.com/en/athletes/juan-martin-del-potro
5129,https://olympics.com/en/athletes/beat-feuz
5131,https://olympics.com/en/athletes/david-peter-hemery
5132,https://olympics.com/en/athletes/alexander-popov-1
5139,https://olympics.com/en/athletes/guillaume-cizeron
5151,https://olympics.com/en/athletes/frank-chamizo-marquez
5156,https://olympics.com/en/athletes/jack-laugher
5158,https://olympics.com/en/athletes/jagger-eaton
5169,https://olympics.com/en/athletes/edwin-moses
5170,https://olympics.com/en/athletes/yulimar-rojas
5204,https://olympics.com/en/athletes/erik-valnes
5210,https://olympics.com/en/athletes/xuechen-huang
5213,https://olympics.com/en/athletes/shericka-jackson
5216,https://olympics.com/en/athletes/aja-evans
5217,https://olympics.com/en/athletes/daley-thompson
5237,https://olympics.com/en/athletes/irma-testa
5245,https://olympics.com/en/athletes/hjalmar-andersen
5253,https://olympics.com/en/athletes/sarah-sjostrom
5254,https://olympics.com/en/athletes/evgeny-plyushchenko
5264,https://olympics.com/en/athletes/ivar-ballangrud
5284,https://olympics.com/en/athletes/kjetil-andre-aamodt
5294,https://olympics.com/en/athletes/xijing-tang
5305,https://olympics.com/en/athletes/wenjing-sui
5317,https://olympics.com/en/athletes/daniel-dhers
5320,https://olympics.com/en/athletes/chad-hedrick
5321,https://olympics.com/en/athletes/pieter-van-den-hoogenband
5322,https://olympics.com/en/athletes/oskar-eriksson
5327,https://olympics.com/en/athletes/chong-wei-lee
5332,https://olympics.com/en/athletes/kamil-stoch
5339,https://olympics.com/en/athletes/greg-van-avermaet
5340,https://olympics.com/en/athletes/jike-zhang
5345,https://olympics.com/en/athletes/chungneijang-mery-kom-hmangte
5353,https://olympics.com/en/athletes/ana-guevara
5356,https://olympics.com/en/athletes/yeldos-smetov
5362,https://olympics.com/en/athletes/olga-kharlan
5369,https://olympics.com/en/athletes/kei-nishikori
5373,https://olympics.com/en/athletes/hanni-wenzel
5378,https://olympics.com/en/athletes/henri-oreiller
5410,https://olympics.com/en/athletes/lovlina-borgohain
5420,https://olympics.com/en/athletes/cheick-sallah-junior-cisse
5435,https://olympics.com/en/athletes/marcus-hellner
5438,https://olympics.com/en/athletes/adam-peaty
5445,https://olympics.com/en/athletes/sarah-walker
5446,https://olympics.com/en/athletes/anna-berreiter
5454,https://olympics.com/en/athletes/paola-espinosa-sanchez
5458,https://olympics.com/en/athletes/jolanda-neff
5471,https://olympics.com/en/athletes/eric-henry-liddell
5472,https://olympics.com/en/athletes/carlo-janka
5473,https://olympics.com/en/athletes/wolfgang-kindl
5475,https://olympics.com/en/athletes/tim-mastnak
5481,https://olympics.com/en/athletes/jarryd-hughes
5495,https://olympics.com/en/athletes/mariana-pajon
5496,https://olympics.com/en/athletes/veikko-hakulinen
5504,https://olympics.com/en/athletes/jasmine-camacho-quinn
5509,https://olympics.com/en/athletes/vilem-goppold-z-lobsdorfu-sr
5522,https://olympics.com/en/athletes/torah-bright
5537,https://olympics.com/en/athletes/nikolay-andrianov
5543,https://olympics.com/en/athletes/parmakoski
5545,https://olympics.com/en/athletes/wojciech-nowicki
5588,https://olympics.com/en/athletes/rossella-fiamingo
5600,https://olympics.com/en/athletes/qiaobo-ye
5611,https://olympics.com/en/athletes/brittney-reese
5612,https://olympics.com/en/athletes/brigitte-mcmahon
5613,https://olympics.com/en/athletes/viktor-axelsen
5614,https://olympics.com/en/athletes/denis-ablyazin
5618,https://olympics.com/en/athletes/choi-minjeong
5627,https://olympics.com/en/athletes/alex-ferreira
5644,https://olympics.com/en/athletes/yael-arad
5682,https://olympics.com/en/athletes/nepryaeva
5695,https://olympics.com/en/athletes/karnam-malleswari
5713,https://olympics.com/en/athletes/charles-kiraly
5716,https://olympics.com/en/athletes/ona-carbonell
5717,https://olympics.com/en/athletes/kriss-kezie-uche-akabusi
5736,https://olympics.com/en/athletes/uschi-disl
5737,https://olympics.com/en/athletes/frank-charles-shorter
5741,https://olympics.com/en/athletes/kaylee-mckeown
5754,https://olympics.com/en/athletes/johnny-weissmuller
5756,https://olympics.com/en/athletes/justin-gatlin
5758,https://olympics.com/en/athletes/luis-alberto-orta-sanchez
5764,https://olympics.com/en/athletes/david-rudisha
5783,https://olympics.com/en/athletes/jennifer-heil-1
5786,https://olympics.com/en/athletes/sam-willoughby
5788,https://olympics.com/en/athletes/isaquias-queiroz-dos-santos
5794,https://olympics.com/en/athletes/david-boudia
5796,https://olympics.com/en/athletes/heather-moyse
5799,https://olympics.com/en/athletes/dawid-tomala
5808,https://olympics.com/en/athletes/victor-an
5830,https://olympics.com/en/athletes/jean-claude-killy
5833,https://olympics.com/en/athletes/jingyuan-zou
5852,https://olympics.com/en/athletes/yuan-cao
5853,https://olympics.com/en/athletes/pierre-vaultier
5858,https://olympics.com/en/athletes/kerttu-niskanen
5866,https://olympics.com/en/athletes/jelle-van-gorkom
5868,https://olympics.com/en/athletes/pyrros-dimas
5869,https://olympics.com/en/athletes/patryk-dobek
5876,https://olympics.com/en/athletes/natalia-shaposhnikova
5899,https://olympics.com/en/athletes/maddie-bowman
5912,https://olympics.com/en/athletes/felix-loch
5925,https://olympics.com/en/athletes/daeheon-hwang
5926,https://olympics.com/en/athletes/margaret-nyairera-wambui
5927,https://olympics.com/en/athletes/kimia-alizadeh-zenoorin
5933,https://olympics.com/en/athletes/xin-xu
5942,https://olympics.com/en/athletes/justin-rose
5946,https://olympics.com/en/athletes/yufei-zhang
5948,https://olympics.com/en/athletes/tara-lipinski
5963,https://olympics.com/en/athletes/samppa-lajunen
5970,https://olympics.com/en/athletes/mengtao-xu
5972,https://olympics.com/en/athletes/annica-van-grunsven
5977,https://olympics.com/en/athletes/vladislav-larin
6000,https://olympics.com/en/athletes/albert-demchenko
6003,https://olympics.com/en/athletes/madison-hubbell
6014,https://olympics.com/en/athletes/carolina-kluft
6021,https://olympics.com/en/athletes/thomas-daley
6027,https://olympics.com/en/athletes/kevin-mayer
6031,https://olympics.com/en/athletes/ines-boubakri
6033,https://olympics.com/en/athletes/sara-hector
6050,https://olympics.com/en/athletes/jens-luraas-oftebro
6075,https://olympics.com/en/athletes/faith-chepngetich-kipyegon
6079,https://olympics.com/en/athletes/anna-meares
6081,https://olympics.com/en/athletes/christine-de-bruin
6082,https://olympics.com/en/athletes/scotty-james
6085,https://olympics.com/en/athletes/chad-le-clos
6099,https://olympics.com/en/athletes/ines-diers
6102,https://olympics.com/en/athletes/joseph-schooling
6108,https://olympics.com/en/athletes/kaetlyn-osmond
6117,https://olympics.com/en/athletes/anna-van-der-breggen
6121,https://olympics.com/en/athletes/gregory-louganis
6174,https://olympics.com/en/athletes/sofiya-velikaya
6185,https://olympics.com/en/athletes/klas-lestander
6199,https://olympics.com/en/athletes/vonetta-flowers
6207,https://olympics.com/en/athletes/mauro-nespoli
6227,https://olympics.com/en/athletes/maxime-beaumont
6234,https://olympics.com/en/athletes/ryosuke-irie
6246,https://olympics.com/en/athletes/kathleen-mckane
6249,https://olympics.com/en/athletes/michelle-kwan
6274,https://olympics.com/en/athletes/yolanda-gail-devers-roberts
6278,https://olympics.com/en/athletes/miho-nonaka
6283,https://olympics.com/en/athletes/andre-lange
6332,https://olympics.com/en/athletes/ashley-moloney
6343,https://olympics.com/en/athletes/kenneth-bednarek
6352,https://olympics.com/en/athletes/johan-gr√∏ttumsbraten
6384,https://olympics.com/en/athletes/gunde-anders-svan
6409,https://olympics.com/en/athletes/naoko-takahashi
6426,https://olympics.com/en/athletes/konstantin-ivliev
6442,https://olympics.com/en/athletes/alvin-kraenzlein
6445,https://olympics.com/en/athletes/ladislav-skantar
6450,https://olympics.com/en/athletes/jason-kenny
6453,https://olympics.com/en/athletes/bakhodir-jalolov
6467,https://olympics.com/en/athletes/yang-sun
6480,https://olympics.com/en/athletes/gemma-mengual
6488,https://olympics.com/en/athletes/duke-paoa-kahanamoku
6499,https://olympics.com/en/athletes/louis-smith
6501,https://olympics.com/en/athletes/kexin-fan
6515,https://olympics.com/en/athletes/anthony-joshua
6524,https://olympics.com/en/athletes/lutalo-muhammad
6526,https://olympics.com/en/athletes/emily-seebohm
6540,https://olympics.com/en/athletes/kipchoge-keino
6559,https://olympics.com/en/athletes/mingxia-fu
6568,https://olympics.com/en/athletes/aleksandr-karelin
6576,https://olympics.com/en/athletes/michael-jung
6577,https://olympics.com/en/athletes/eduard-latypov
6591,https://olympics.com/en/athletes/joni-maeki
6610,https://olympics.com/en/athletes/simen-hegstad-krueger
6627,https://olympics.com/en/athletes/semen-elistratov
6640,https://olympics.com/en/athletes/tatyana-ivanova
6647,https://olympics.com/en/athletes/marketa-vondrousova
6662,https://olympics.com/en/athletes/mikio-oda
6665,https://olympics.com/en/athletes/takaharu-furukawa
6672,https://olympics.com/en/athletes/ivica-kostelic
6684,https://olympics.com/en/athletes/toni-nieminen
6690,https://olympics.com/en/athletes/apolo-anton-ohno
6712,https://olympics.com/en/athletes/benjamin-boukpeti
6715,https://olympics.com/en/athletes/suter
6723,https://olympics.com/en/athletes/kosuke-kitajima
6728,https://olympics.com/en/athletes/victoria-sinitsina
6751,https://olympics.com/en/athletes/anzhelika-sidorova
6758,https://olympics.com/en/athletes/kohei-uchimura
6769,https://olympics.com/en/athletes/thomas-steu
6778,https://olympics.com/en/athletes/gagan-narang
6779,https://olympics.com/en/athletes/picabo-street
6782,https://olympics.com/en/athletes/gabriella-papadakis
6797,https://olympics.com/en/athletes/gaetan-boucher
6805,https://olympics.com/en/athletes/sarah-hoefflin
6822,https://olympics.com/en/athletes/lukas-klapfer
6831,https://olympics.com/en/athletes/hazel-virginia-wightman
6846,https://olympics.com/en/athletes/tina-weirather
6859,https://olympics.com/en/athletes/vreni-schneider
6885,https://olympics.com/en/athletes/brita-sigourney
6891,https://olympics.com/en/athletes/stefan-holm
6930,https://olympics.com/en/athletes/karsten-warholm
6934,https://olympics.com/en/athletes/carly-patterson
6941,https://olympics.com/en/athletes/maude-g-charron
6952,https://olympics.com/en/athletes/puchner
6956,https://olympics.com/en/athletes/danell-leyva
6971,https://olympics.com/en/athletes/tin-srbic
6981,https://olympics.com/en/athletes/justin-kripps
6988,https://olympics.com/en/athletes/andrey-zamkovoy
6992,https://olympics.com/en/athletes/wendy-holdener
6997,https://olympics.com/en/athletes/maykel-masso
7005,https://olympics.com/en/athletes/irina-rodnina
7009,https://olympics.com/en/athletes/guy-drut
7011,https://olympics.com/en/athletes/anna-shcherbakova
7037,https://olympics.com/en/athletes/erin-jackson
7047,https://olympics.com/en/athletes/larisa-korobeynikova
7054,https://olympics.com/en/athletes/suzanne-schulting
7055,https://olympics.com/en/athletes/simon-pettersson
7068,https://olympics.com/en/athletes/alexander-povetkin
7093,https://olympics.com/en/athletes/christel-cranz
7108,https://olympics.com/en/athletes/koki-ikeda
7116,https://olympics.com/en/athletes/daniela-iraschko-stolz
7122,https://olympics.com/en/athletes/sergii-bubka
7123,https://olympics.com/en/athletes/nina-derwael
7125,https://olympics.com/en/athletes/yuma-kagiyama
7128,https://olympics.com/en/athletes/crawford-1
7134,https://olympics.com/en/athletes/shani-davis
7135,https://olympics.com/en/athletes/martin-lundstrom
7146,https://olympics.com/en/athletes/suzanne-lenglen
7157,https://olympics.com/en/athletes/nathan-adrian
7164,https://olympics.com/en/athletes/mohamed-farah
7178,https://olympics.com/en/athletes/missy-franklin
7185,https://olympics.com/en/athletes/chenchen-guan
7186,https://olympics.com/en/athletes/gregor-schlierenzauer
7191,https://olympics.com/en/athletes/vyacheslav-vedenin
7203,https://olympics.com/en/athletes/nick-skelton
7204,https://olympics.com/en/athletes/niccolo-campriani
7223,https://olympics.com/en/athletes/jonathan-brownlee
7248,https://olympics.com/en/athletes/erin-hamlin
7250,https://olympics.com/en/athletes/maria-riesch
7254,https://olympics.com/en/athletes/matti-nykanen
7256,https://olympics.com/en/athletes/federico-pellegrino
7260,https://olympics.com/en/athletes/elena-osipova
7262,https://olympics.com/en/athletes/henry-taylor
7269,https://olympics.com/en/athletes/shaunae-miller
7272,https://olympics.com/en/athletes/irene-schouten
7277,https://olympics.com/en/athletes/conchita-martinez
7278,https://olympics.com/en/athletes/hyvin-kiyeng-jepkemoi
7279,https://olympics.com/en/athletes/devin-logan
7281,https://olympics.com/en/athletes/kamilla-rytter-juhl
7283,https://olympics.com/en/athletes/lukas-greiderer
7334,https://olympics.com/en/athletes/dorothy-katherine-chambers
7341,https://olympics.com/en/athletes/yuzuru-hanyu
7343,https://olympics.com/en/athletes/christine-girard
7357,https://olympics.com/en/athletes/yulia-galysheva
7365,https://olympics.com/en/athletes/therese-johaug
7385,https://olympics.com/en/athletes/halil-mutlu
7388,https://olympics.com/en/athletes/zongyuan-wang
7403,https://olympics.com/en/athletes/anni-friesinger
7407,https://olympics.com/en/athletes/ralf-schumann
7409,https://olympics.com/en/athletes/simon-hiscocks
7436,https://olympics.com/en/athletes/kamila-valieva
7471,https://olympics.com/en/athletes/tess-coady
7480,https://olympics.com/en/athletes/franziska-weber
7497,https://olympics.com/en/athletes/wayde-van-niekerk
7498,https://olympics.com/en/athletes/momiji-nishiya
7500,https://olympics.com/en/athletes/maja-dahlqvist
7503,https://olympics.com/en/athletes/emmanuel-kipkurui-korir
7513,https://olympics.com/en/athletes/anna-korakaki
7515,https://olympics.com/en/athletes/rosannagh-maclennan
7518,https://olympics.com/en/athletes/saul-craviotto
7530,https://olympics.com/en/athletes/allan-wells
7543,https://olympics.com/en/athletes/bruno-prada
7544,https://olympics.com/en/athletes/ramona-theresia-hofmeister
7553,https://olympics.com/en/athletes/marrit-leenstra-1
7556,https://olympics.com/en/athletes/dara-torres
7560,https://olympics.com/en/athletes/anthony-sinisuka-ginting
7564,https://olympics.com/en/athletes/lasha-talakhadze
7578,https://olympics.com/en/athletes/peter-skantar
7579,https://olympics.com/en/athletes/roest
7606,https://olympics.com/en/athletes/kobayashi
7627,https://olympics.com/en/athletes/shohei-ono
7647,https://olympics.com/en/athletes/marlen-esparza
7680,https://olympics.com/en/athletes/christoph-hafer
7683,https://olympics.com/en/athletes/steve-hooker
7688,https://olympics.com/en/athletes/florent-manaudou
7704,https://olympics.com/en/athletes/yelena-isinbaeva
7719,https://olympics.com/en/athletes/veronika-vitkova
7722,https://olympics.com/en/athletes/anton-chupkov
7723,https://olympics.com/en/athletes/elena-vaelbe
7738,https://olympics.com/en/athletes/hellen-onsando-obiri
7746,https://olympics.com/en/athletes/lindsey-jacobellis
7763,https://olympics.com/en/athletes/mariya-gorokhovskaya
7770,https://olympics.com/en/athletes/jan-smeekens
7789,https://olympics.com/en/athletes/jean-frederic-chapuis
7795,https://olympics.com/en/athletes/sharon-marie-stouder
7803,https://olympics.com/en/athletes/ricco-gross
7822,https://olympics.com/en/athletes/christopher-froome
7831,https://olympics.com/en/athletes/regino-hernandez
7832,https://olympics.com/en/athletes/suk-hee-shim
7840,https://olympics.com/en/athletes/jong-oh-jin
7844,https://olympics.com/en/athletes/belorukova
7850,https://olympics.com/en/athletes/aaron-wolf
7854,https://olympics.com/en/athletes/gus-kenworthy
7855,https://olympics.com/en/athletes/lauryn-williams
7874,https://olympics.com/en/athletes/juan-miguel-echevarria
7875,https://olympics.com/en/athletes/bob-beamon
7877,https://olympics.com/en/athletes/qian-yang
7878,https://olympics.com/en/athletes/marie-theres-nadig
7884,https://olympics.com/en/athletes/vanessa-ferrari
7890,https://olympics.com/en/athletes/gregor-staehli
7916,https://olympics.com/en/athletes/jorien-ter-mors
7917,https://olympics.com/en/athletes/arthur-mariano
7924,https://olympics.com/en/athletes/lisa-carrington
7927,https://olympics.com/en/athletes/jonna-sundling
7928,https://olympics.com/en/athletes/tess-ledeux
7932,https://olympics.com/en/athletes/odermatt
7974,https://olympics.com/en/athletes/almaz-ayana
7975,https://olympics.com/en/athletes/laura-ludwig
7983,https://olympics.com/en/athletes/bonnie-blair
8004,https://olympics.com/en/athletes/lim
8009,https://olympics.com/en/athletes/fred-kerley
8019,https://olympics.com/en/athletes/nozomi-okuhara
8027,https://olympics.com/en/athletes/elvira-oeberg
8029,https://olympics.com/en/athletes/helen-upperton
8059,https://olympics.com/en/athletes/fanyu-kong
8061,https://olympics.com/en/athletes/kaitlyn-farrington
8094,https://olympics.com/en/athletes/seung-hoon-lee
8106,https://olympics.com/en/athletes/xin-zhang
8109,https://olympics.com/en/athletes/daniel-stahl
8110,https://olympics.com/en/athletes/fabio-basile
8112,https://olympics.com/en/athletes/ato-boldon
8114,https://olympics.com/en/athletes/matti-hautamaeki
8119,https://olympics.com/en/athletes/sifan-hassan
8123,https://olympics.com/en/athletes/dajing-wu
8129,https://olympics.com/en/athletes/catharine-pendrel
8200,https://olympics.com/en/athletes/sakura-yosozumi
8214,https://olympics.com/en/athletes/agnes-keleti
8227,https://olympics.com/en/athletes/yasmani-copello
8234,https://olympics.com/en/athletes/marcel-nguyen
8235,https://olympics.com/en/athletes/paraskevi-voula-patoulidou
8247,https://olympics.com/en/athletes/larisa-latynina
8263,https://olympics.com/en/athletes/bernt-evensen
8281,https://olympics.com/en/athletes/robert-grabarz
8300,https://olympics.com/en/athletes/wilson-kipsang-kiprotich
8331,https://olympics.com/en/athletes/patric-leitner
8338,https://olympics.com/en/athletes/jenny-jones
8346,https://olympics.com/en/athletes/kliment-kolesnikov
8351,https://olympics.com/en/athletes/cory-juneau
8352,https://olympics.com/en/athletes/ayumu-hirano
8353,https://olympics.com/en/athletes/oskars-melbardis
8359,https://olympics.com/en/athletes/martine-grael
8374,https://olympics.com/en/athletes/francesco-friedrich
8383,https://olympics.com/en/athletes/jenny-thompson
8395,https://olympics.com/en/athletes/lara-gut
8399,https://olympics.com/en/athletes/magdalena-neuner
8413,https://olympics.com/en/athletes/artem-harutyunyan
8418,https://olympics.com/en/athletes/jakub-vadlejch
8426,https://olympics.com/en/athletes/emilie-andeol
8428,https://olympics.com/en/athletes/jorrit-bergsma
8441,https://olympics.com/en/athletes/karen-putzer
8447,https://olympics.com/en/athletes/german-sanchez-2
8452,https://olympics.com/en/athletes/marta-fiedina
8470,https://olympics.com/en/athletes/kimberley-bos
8473,https://olympics.com/en/athletes/jamie-anderson
8474,https://olympics.com/en/athletes/marianne-vos
8479,https://olympics.com/en/athletes/heidi-weng
8488,https://olympics.com/en/athletes/david-price
8490,https://olympics.com/en/athletes/kjetil-jansrud
8491,https://olympics.com/en/athletes/amos-mosaner
8492,https://olympics.com/en/athletes/connie-paraskevin-young
8523,https://olympics.com/en/athletes/humberto-mariles-cortes
8541,https://olympics.com/en/athletes/denis-ten
8556,https://olympics.com/en/athletes/clara-hughes
8560,https://olympics.com/en/athletes/javier-fernandez
8562,https://olympics.com/en/athletes/tessa-virtue
8572,https://olympics.com/en/athletes/steffi-graf
8575,https://olympics.com/en/athletes/yajie-si
8578,https://olympics.com/en/athletes/dalilah-muhammad
8589,https://olympics.com/en/athletes/tina-maze
8595,https://olympics.com/en/athletes/kauf
8600,https://olympics.com/en/athletes/ester-ledecka
8605,https://olympics.com/en/athletes/mitsuo-tsukahara
8606,https://olympics.com/en/athletes/alexandra-raisman
8630,https://olympics.com/en/athletes/shizuka-arakawa
8643,https://olympics.com/en/athletes/christine-mboma
8648,https://olympics.com/en/athletes/johannes-rydzek
8651,https://olympics.com/en/athletes/nikita-katsalapov
8654,https://olympics.com/en/athletes/marcel-hirscher
8668,https://olympics.com/en/athletes/steven-bradbury
8670,https://olympics.com/en/athletes/kelsey-serwa
8693,https://olympics.com/en/athletes/max-whitlock
8697,https://olympics.com/en/athletes/federica-brignone
8701,https://olympics.com/en/athletes/dimitrij-ovtcharov
8706,https://olympics.com/en/athletes/andree-brunet
8712,https://olympics.com/en/athletes/anastasiia-smirnova
8716,https://olympics.com/en/athletes/satu-makela-nummela
8732,https://olympics.com/en/athletes/kimberly-rhode
8735,https://olympics.com/en/athletes/mario-matt
8739,https://olympics.com/en/athletes/charle-cournoyer
8744,https://olympics.com/en/athletes/yaroslava-mahuchikh
8747,https://olympics.com/en/athletes/eva-samkova
8750,https://olympics.com/en/athletes/tony-estanguet
8760,https://olympics.com/en/athletes/alexandra-burghardt
8762,https://olympics.com/en/athletes/steven-redgrave
8764,https://olympics.com/en/athletes/damir-martin
8766,https://olympics.com/en/athletes/bruno-fratus
8775,https://olympics.com/en/athletes/andris-sics
8779,https://olympics.com/en/athletes/takashi-ono
8781,https://olympics.com/en/athletes/iivo-niskanen
8797,https://olympics.com/en/athletes/selemon-barega
8809,https://olympics.com/en/athletes/ola-vigen-hattestad
8821,https://olympics.com/en/athletes/anita-wlodarczyk
8825,https://olympics.com/en/athletes/natalie-geisenberger
8843,https://olympics.com/en/athletes/matthias-sommer
8852,https://olympics.com/en/athletes/hannah-neise
8865,https://olympics.com/en/athletes/gloria-kotnik
8898,https://olympics.com/en/athletes/oscar-figueroa
8908,https://olympics.com/en/athletes/nikita-nagornyy
8915,https://olympics.com/en/athletes/ted-jan-bloemen
8923,https://olympics.com/en/athletes/peter-prevc
8935,https://olympics.com/en/athletes/manuel-fettner
8949,https://olympics.com/en/athletes/nijel-amos
8950,https://olympics.com/en/athletes/dafne-schippers
8952,https://olympics.com/en/athletes/benjamin-raich
8974,https://olympics.com/en/athletes/novak-djokovic
8979,https://olympics.com/en/athletes/mohammed-ahmed
9004,https://olympics.com/en/athletes/sara-algotsson-ostholt
9012,https://olympics.com/en/athletes/april-ross
9030,https://olympics.com/en/athletes/emese-szasz
9039,https://olympics.com/en/athletes/ashleigh-barty
9058,https://olympics.com/en/athletes/catalina-ponor
9060,https://olympics.com/en/athletes/long-ma
9061,https://olympics.com/en/athletes/gabriella-szabo
9066,https://olympics.com/en/athletes/jiayu-liu
9084,https://olympics.com/en/athletes/staale-sandbech
9120,https://olympics.com/en/athletes/evgenia-medvedeva
9125,https://olympics.com/en/athletes/dan-li
9129,https://olympics.com/en/athletes/elena-vesnina
9130,https://olympics.com/en/athletes/alessandro-pittin
9134,https://olympics.com/en/athletes/francine-niyonsaba
9156,https://olympics.com/en/athletes/seung-min-ryu
9185,https://olympics.com/en/athletes/justyna-kowalczyk
9200,https://olympics.com/en/athletes/mathilde-gremaud
9202,https://olympics.com/en/athletes/daniel-mack-gable
9212,https://olympics.com/en/athletes/v-sindhu-pusarla
9218,https://olympics.com/en/athletes/letesenbet-gidey
9221,https://olympics.com/en/athletes/mireia-belmonte
9230,https://olympics.com/en/athletes/rafael-nadal
9237,https://olympics.com/en/athletes/rafaela-silva
9241,https://olympics.com/en/athletes/martin-fourcade
9249,https://olympics.com/en/athletes/marlies-schild
9255,https://olympics.com/en/athletes/laura-asadauskaite
9262,https://olympics.com/en/athletes/sebastian-brendel
9272,https://olympics.com/en/athletes/christof-innerhofer
9294,https://olympics.com/en/athletes/silke-kraushaar
9301,https://olympics.com/en/athletes/sandi-morris
9306,https://olympics.com/en/athletes/wenyan-sun
9311,https://olympics.com/en/athletes/katja-seizinger
9339,https://olympics.com/en/athletes/nana-takagi
9347,https://olympics.com/en/athletes/tadahiro-nomura
9353,https://olympics.com/en/athletes/naim-suleymanoglu
9360,https://olympics.com/en/athletes/ruoteng-xiao
9365,https://olympics.com/en/athletes/andrew-weibrecht
9379,https://olympics.com/en/athletes/keegan-palmer
9380,https://olympics.com/en/athletes/jessica-fox
9394,https://olympics.com/en/athletes/alexei-nemov
9399,https://olympics.com/en/athletes/ning-ding
9410,https://olympics.com/en/athletes/ariarne-titmus
9415,https://olympics.com/en/athletes/jackie-joyner-kersee
9420,https://olympics.com/en/athletes/alberto-gines-lopez
9424,https://olympics.com/en/athletes/lidiya-skoblikova
9427,https://olympics.com/en/athletes/barbara-seixas-de-freitas
9429,https://olympics.com/en/athletes/vesna-fabjan
9439,https://olympics.com/en/athletes/mary-lou-retton
9440,https://olympics.com/en/athletes/yang-liu
9441,https://olympics.com/en/athletes/carissa-moore
9451,https://olympics.com/en/athletes/tanja-frieden
9458,https://olympics.com/en/athletes/andy-murray
9461,https://olympics.com/en/athletes/oleksandr-usyk
9465,https://olympics.com/en/athletes/daniel-gyurta
9475,https://olympics.com/en/athletes/kenenisa-bekele
9479,https://olympics.com/en/athletes/esmee-visser
9482,https://olympics.com/en/athletes/shelley-rudman
9487,https://olympics.com/en/athletes/silvio-fauner
9493,https://olympics.com/en/athletes/chloe-trespeuch
9494,https://olympics.com/en/athletes/vassiliy-levit
9503,https://olympics.com/en/athletes/kalkidan-gezahegne
9511,https://olympics.com/en/athletes/wallberg
9519,https://olympics.com/en/athletes/kati-wilhelm
9520,https://olympics.com/en/athletes/martin-sinkovic
9522,https://olympics.com/en/athletes/mikael-kingsbury
9531,https://olympics.com/en/athletes/bart-swings
9536,https://olympics.com/en/athletes/lukas-weisshaidinger
9540,https://olympics.com/en/athletes/ole-einar-bjorndalen
9543,https://olympics.com/en/athletes/yiwen-sun
9557,https://olympics.com/en/athletes/arthur-zanetti
9559,https://olympics.com/en/athletes/ho-suk-lee
9580,https://olympics.com/en/athletes/david-florence
9597,https://olympics.com/en/athletes/hao-zhang-1
9606,https://olympics.com/en/athletes/ryan-murphy
9612,https://olympics.com/en/athletes/mutaz-essa-barshim
9657,https://olympics.com/en/athletes/natalya-lisovskaya
9659,https://olympics.com/en/athletes/yohan-blake
9665,https://olympics.com/en/athletes/dom-parsons
9673,https://olympics.com/en/athletes/sara-takanashi
9693,https://olympics.com/en/athletes/agatha-bednarczuk
9696,https://olympics.com/en/athletes/venus-williams
9699,https://olympics.com/en/athletes/zagitova
9710,https://olympics.com/en/athletes/braisaz
9719,https://olympics.com/en/athletes/ryoko-tani
9736,https://olympics.com/en/athletes/fanny-smith
9741,https://olympics.com/en/athletes/bruno-schmidt
9742,https://olympics.com/en/athletes/amy-williams
9744,https://olympics.com/en/athletes/dan-yu
9755,https://olympics.com/en/athletes/yara-van-kerkhof
9774,https://olympics.com/en/athletes/dominik-fischnaller
9775,https://olympics.com/en/athletes/sjinkie-knegt
9781,https://olympics.com/en/athletes/yaming-zhu
9783,https://olympics.com/en/athletes/milica-mandic
9800,https://olympics.com/en/athletes/vladimir-morozov
9803,https://olympics.com/en/athletes/brooke-bennett
9806,https://olympics.com/en/athletes/jaroslav-kulhavy
9807,https://olympics.com/en/athletes/victoria-carl
9821,https://olympics.com/en/athletes/olaf-tufte
9841,https://olympics.com/en/athletes/valerie-adams
9857,https://olympics.com/en/athletes/owen-wright
9859,https://olympics.com/en/athletes/je-deok-kim
9868,https://olympics.com/en/athletes/hicham-el-guerrouj
9870,https://olympics.com/en/athletes/penny-oleksiak
9873,https://olympics.com/en/athletes/nino-schurter
9886,https://olympics.com/en/athletes/kathleen-baker
9913,https://olympics.com/en/athletes/zbigniew-brodka
9940,https://olympics.com/en/athletes/yining-zhang
9949,https://olympics.com/en/athletes/dawid-kubacki
9972,https://olympics.com/en/athletes/sebastian-coe
9981,https://olympics.com/en/athletes/angelina-melnikova
9985,https://olympics.com/en/athletes/emma-jorgensen
9987,https://olympics.com/en/athletes/shauna-rohbock
9993,https://olympics.com/en/athletes/carlos-coloma-nicolas
9995,https://olympics.com/en/athletes/nia-ali
10000,https://olympics.com/en/athletes/alisa-camplin
10034,https://olympics.com/en/athletes/nicola-adams
10051,https://olympics.com/en/athletes/eliud-kipchoge
10073,https://olympics.com/en/athletes/jacob-kiplimo
10076,https://olympics.com/en/athletes/charles-jewtraw
10097,https://olympics.com/en/athletes/petra-vlhova
10108,https://olympics.com/en/athletes/athing-mu
10109,https://olympics.com/en/athletes/smolski
10110,https://olympics.com/en/athletes/mao-asada
10112,https://olympics.com/en/athletes/marie-martinod
10113,https://olympics.com/en/athletes/noriaki-kasai
10127,https://olympics.com/en/athletes/betty-heidler
10133,https://olympics.com/en/athletes/anthony-conrad-nesty
10137,https://olympics.com/en/athletes/elana-meyers-taylor
10143,https://olympics.com/en/athletes/tiril-eckhoff
10159,https://olympics.com/en/athletes/kai-zou
10165,https://olympics.com/en/athletes/olsbu
10170,https://olympics.com/en/athletes/axel-jungk
10175,https://olympics.com/en/athletes/katarina-witt
10213,https://olympics.com/en/athletes/lidia-valentin-perez-1
10216,https://olympics.com/en/athletes/omar-mcleod
10218,https://olympics.com/en/athletes/evgeniy-garanichev
10230,https://olympics.com/en/athletes/lorenz-koller
10234,https://olympics.com/en/athletes/armin-zoeggeler
10237,https://olympics.com/en/athletes/marielle-thompson
10246,https://olympics.com/en/athletes/neeraj-chopra
10261,https://olympics.com/en/athletes/jessica-ennis
10264,https://olympics.com/en/athletes/steven-holcomb
10266,https://olympics.com/en/athletes/hans-van-helden
10274,https://olympics.com/en/athletes/kristina-vogel
10286,https://olympics.com/en/athletes/joseph-choong
10293,https://olympics.com/en/athletes/eleftherios-petrounias
10300,https://olympics.com/en/athletes/marius-lindvik
10306,https://olympics.com/en/athletes/mellisa-hollingsworth
10309,https://olympics.com/en/athletes/jefferson-perez
10319,https://olympics.com/en/athletes/davide-ghiotto
10322,https://olympics.com/en/athletes/enni-rukajarvi
10323,https://olympics.com/en/athletes/helga-haase
10351,https://olympics.com/en/athletes/rai-benjamin
10352,https://olympics.com/en/athletes/michael-phelps-ii
10354,https://olympics.com/en/athletes/jesse-owens
10361,https://olympics.com/en/athletes/kelly-clark
10372,https://olympics.com/en/athletes/alison-cerutti
10375,https://olympics.com/en/athletes/hao-you
10376,https://olympics.com/en/athletes/timothy-cheruiyot
10377,https://olympics.com/en/athletes/gallhuber
10394,https://olympics.com/en/athletes/dominik-landertinger-1
10409,https://olympics.com/en/athletes/ronald-levy
10431,https://olympics.com/en/athletes/jose-antonio-hermida-ramos
10437,https://olympics.com/en/athletes/saina-nehwal
10445,https://olympics.com/en/athletes/miltiadis-tentoglou
10451,https://olympics.com/en/athletes/geiger-1
10452,https://olympics.com/en/athletes/almida-de-val
10466,https://olympics.com/en/athletes/mindaugas-griskonis
10472,https://olympics.com/en/athletes/pavlos-kontides
10481,https://olympics.com/en/athletes/matthew-biondi
10483,https://olympics.com/en/athletes/abdi-nageeye
10506,https://olympics.com/en/athletes/yana-kudryavtseva
10516,https://olympics.com/en/athletes/andreas-kofler
10519,https://olympics.com/en/athletes/charlotte-kalla
10526,https://olympics.com/en/athletes/bobby-morrow
10533,https://olympics.com/en/athletes/nadia-comaneci
10547,https://olympics.com/en/athletes/johann-olav-koss
10549,https://olympics.com/en/athletes/danka-bartekova
10577,https://olympics.com/en/athletes/yue-guo
10581,https://olympics.com/en/athletes/simone-manuel
10598,https://olympics.com/en/athletes/jan-scherrer
10599,https://olympics.com/en/athletes/megan-tapper
10602,https://olympics.com/en/athletes/martin-johnsrud-sundby
10605,https://olympics.com/en/athletes/denis-spitsov
10612,https://olympics.com/en/athletes/ryan-lochte
10614,https://olympics.com/en/athletes/bianca-walkden
10631,https://olympics.com/en/athletes/lisa-unruh
10636,https://olympics.com/en/athletes/paul-tergat
10638,https://olympics.com/en/athletes/sven-kramer
10651,https://olympics.com/en/athletes/meagan-duhamel
10667,https://olympics.com/en/athletes/kjersti-buaas
10678,https://olympics.com/en/athletes/joey-cheek
10690,https://olympics.com/en/athletes/kenzo-shirai
10693,https://olympics.com/en/athletes/hansle-parchment
10694,https://olympics.com/en/athletes/ana-peleteiro
10695,https://olympics.com/en/athletes/anthony
10696,https://olympics.com/en/athletes/abhinav-bindra
10707,https://olympics.com/en/athletes/dan-lin
10720,https://olympics.com/en/athletes/jennifer-abel
10725,https://olympics.com/en/athletes/johannes-lochner
10727,https://olympics.com/en/athletes/margarita-mamun
10734,https://olympics.com/en/athletes/alex-fiva
10745,https://olympics.com/en/athletes/benjamin-karl
10752,https://olympics.com/en/athletes/tianyu-han
10754,https://olympics.com/en/athletes/tingmao-shi
10768,https://olympics.com/en/athletes/jordan-ernest-burroughs
10771,https://olympics.com/en/athletes/mikaela-shiffrin
10790,https://olympics.com/en/athletes/kyle-chalmers
10792,https://olympics.com/en/athletes/rosi-mittermaier
10804,https://olympics.com/en/athletes/helene-engelmann
10808,https://olympics.com/en/athletes/kayla-harrison
10857,https://olympics.com/en/athletes/julia-mancuso
10866,https://olympics.com/en/athletes/irving-baxter
10869,https://olympics.com/en/athletes/sydney-mclaughlin
10873,https://olympics.com/en/athletes/patrizia-kummer
10874,https://olympics.com/en/athletes/margaret-macneil
10877,https://olympics.com/en/athletes/kaori-sakamoto
10899,https://olympics.com/en/athletes/brady-ellison
10906,https://olympics.com/en/athletes/yuto-horigome
10919,https://olympics.com/en/athletes/queralt-castellet
10921,https://olympics.com/en/athletes/pavlo-tymoshchenko
10925,https://olympics.com/en/athletes/italo-ferreira
10947,https://olympics.com/en/athletes/michael-walchhofer
10960,https://olympics.com/en/athletes/kirsty-leigh-coventry
10967,https://olympics.com/en/athletes/ekaterini-stefanidi
11002,https://olympics.com/en/athletes/janis-strenga
11011,https://olympics.com/en/athletes/mykayla-skinner
11012,https://olympics.com/en/athletes/maia-shibutani
11027,https://olympics.com/en/athletes/ivan-yakimushkin
11037,https://olympics.com/en/athletes/daisuke-takahashi
11068,https://olympics.com/en/athletes/henrik-kristoffersen
11081,https://olympics.com/en/athletes/ross-rebagliati
11102,https://olympics.com/en/athletes/jeremy-wariner
11106,https://olympics.com/en/athletes/jesper-tjader
11111,https://olympics.com/en/athletes/anton-sikharulidze
11131,https://olympics.com/en/athletes/julia-pereira-de-sousa-mabileau
11141,https://olympics.com/en/athletes/oleksandr-abramenko
11146,https://olympics.com/en/athletes/sofia-goggia
11151,https://olympics.com/en/athletes/jaewon-chung
11152,https://olympics.com/en/athletes/hamish-bond
11157,https://olympics.com/en/athletes/andrey-rublev
11163,https://olympics.com/en/athletes/deborah-levi
11195,https://olympics.com/en/athletes/quentin-fillon-maillet
11220,https://olympics.com/en/athletes/alise-post
11247,https://olympics.com/en/athletes/armand-duplantis
11248,https://olympics.com/en/athletes/marit-bjoergen
11249,https://olympics.com/en/athletes/bob-johannes-carolus-de-jong
11255,https://olympics.com/en/athletes/christoph-harting
11262,https://olympics.com/en/athletes/gabrielle-douglas
11268,https://olympics.com/en/athletes/alejandra-valencia
11269,https://olympics.com/en/athletes/roseline-filion
11279,https://olympics.com/en/athletes/lamecha-girma
11297,https://olympics.com/en/athletes/jessica-diggins
11305,https://olympics.com/en/athletes/jenny-rissveds
11309,https://olympics.com/en/athletes/sofia-pozdniakova
11313,https://olympics.com/en/athletes/dario-cologna
11315,https://olympics.com/en/athletes/shelly-ann-fraser-pryce
11316,https://olympics.com/en/athletes/anastasia-mishina
11328,https://olympics.com/en/athletes/paul-kipkemoi-chelimo
11350,https://olympics.com/en/athletes/clarisse-agbegnenou
11354,https://olympics.com/en/athletes/forfang
11373,https://olympics.com/en/athletes/vitezslav-vesely
11375,https://olympics.com/en/athletes/tomita
11378,https://olympics.com/en/athletes/jianrou-li
11395,https://olympics.com/en/athletes/ahmed-hafnaoui
11424,https://olympics.com/en/athletes/dominik-windisch
11437,https://olympics.com/en/athletes/alejandra-orozco
11441,https://olympics.com/en/athletes/soo-nyung-kim
11447,https://olympics.com/en/athletes/mary-joe-fernandez
11474,https://olympics.com/en/athletes/ahmad-abughaush
11478,https://olympics.com/en/athletes/isabelle-weidemann
11481,https://olympics.com/en/athletes/connor-fields
11483,https://olympics.com/en/athletes/scott-moir
11498,https://olympics.com/en/athletes/brian-boitano
11499,https://olympics.com/en/athletes/chris-mazdzer
11506,https://olympics.com/en/athletes/erin-pac
11519,https://olympics.com/en/athletes/kumar-ravi
11521,https://olympics.com/en/athletes/david-belyavskiy
11524,https://olympics.com/en/athletes/helene-madison
11528,https://olympics.com/en/athletes/helen-louise-maroulis
11529,https://olympics.com/en/athletes/misaki-matsutomo
11537,https://olympics.com/en/athletes/tina-trstenjak
11548,https://olympics.com/en/athletes/valent-sinkovic
11549,https://olympics.com/en/athletes/jon-montgomery
11551,https://olympics.com/en/athletes/poul-erik-hoyer-larsen
11561,https://olympics.com/en/athletes/arianna-fontana
11563,https://olympics.com/en/athletes/jeahwan-shin
11574,https://olympics.com/en/athletes/colby-stevenson
11576,https://olympics.com/en/athletes/jie-ling
11607,https://olympics.com/en/athletes/john-phillips-naber
11609,https://olympics.com/en/athletes/hubert-van-innis
11618,https://olympics.com/en/athletes/emil-hegle-svendsen
11621,https://olympics.com/en/athletes/kelly-sildaru
11622,https://olympics.com/en/athletes/boutin
11623,https://olympics.com/en/athletes/felix-savon
11626,https://olympics.com/en/athletes/nick-baumgartner
11630,https://olympics.com/en/athletes/kaori-icho
11631,https://olympics.com/en/athletes/nao-kodaira
11647,https://olympics.com/en/athletes/katie-taylor
11649,https://olympics.com/en/athletes/carlijn-achtereekte
11650,https://olympics.com/en/athletes/chloe-kim
11654,https://olympics.com/en/athletes/laura-trott
11660,https://olympics.com/en/athletes/william-bruce-jenner
11664,https://olympics.com/en/athletes/toini-gustafsson
11678,https://olympics.com/en/athletes/kate-french
11688,https://olympics.com/en/athletes/shoma-uno
11695,https://olympics.com/en/athletes/nikita-tregubov
11703,https://olympics.com/en/athletes/eric-radford
11721,https://olympics.com/en/athletes/floyd-mayweather
11734,https://olympics.com/en/athletes/inna-deriglazova
11735,https://olympics.com/en/athletes/daniela-silivas
11744,https://olympics.com/en/athletes/noel
11747,https://olympics.com/en/athletes/valeriy-borzov
11748,https://olympics.com/en/athletes/kevin-rolland
11749,https://olympics.com/en/athletes/florian-wellbrock
11754,https://olympics.com/en/athletes/hendrika-mastenbroek
11764,https://olympics.com/en/athletes/ireen-wust
11771,https://olympics.com/en/athletes/francesca-lollobrigida
11772,https://olympics.com/en/athletes/martins-dukurs
11775,https://olympics.com/en/athletes/pernille-blume
11776,https://olympics.com/en/athletes/hannah-teter
11777,https://olympics.com/en/athletes/jakov-fak
11780,https://olympics.com/en/athletes/paula-pareto
11794,https://olympics.com/en/athletes/julia-marino
11828,https://olympics.com/en/athletes/min-kyu-cha
11842,https://olympics.com/en/athletes/hanna-huskova
11844,https://olympics.com/en/athletes/aleksander-lesun
11848,https://olympics.com/en/athletes/marc-bischofberger
11865,https://olympics.com/en/athletes/eric-frenzel
11884,https://olympics.com/en/athletes/alexander-zverev
11885,https://olympics.com/en/athletes/ruth-beitia
11896,https://olympics.com/en/athletes/emil-zatopek
11897,https://olympics.com/en/athletes/felicia-ballanger
11921,https://olympics.com/en/athletes/natalie-coughlin
11926,https://olympics.com/en/athletes/charlotte-cooper
11931,https://olympics.com/en/athletes/wilma-rudolph
11940,https://olympics.com/en/athletes/debra-thomas
11955,https://olympics.com/en/athletes/josia-thugwane
11961,https://olympics.com/en/athletes/ethelda-bleibtrey
11962,https://olympics.com/en/athletes/lisa-buckwitz
11964,https://olympics.com/en/athletes/melissa-wu
11981,https://olympics.com/en/athletes/jack-mcloughlin
11986,https://olympics.com/en/athletes/lotte-van-beek
12037,https://olympics.com/en/athletes/lawrence-brittain
12041,https://olympics.com/en/athletes/jasey-jay-anderson
12056,https://olympics.com/en/athletes/victoria-pendleton
12068,https://olympics.com/en/athletes/andre-de-grasse
12090,https://olympics.com/en/athletes/alessandro-haemmerle
12096,https://olympics.com/en/athletes/mima-ito
